{"cameraMode":{"drawMode":0,"name":"Shaded","section":"Shading Mode"},"sceneLighting":true,"audioPlay":false,"sceneViewState":{"showFog":true,"showMaterialUpdate":false,"showSkybox":true,"showFlares":true,"showImageEffects":true,"showParticleSystems":true},"in2DMode":false,"pivot":{"x":-2.1983070373535158,"y":4.830185890197754,"z":-7.232817649841309},"rotation":{"x":-0.2587641775608063,"y":0.08592423796653748,"z":-0.023115606978535653,"w":-0.9618335962295532},"size":10.0,"orthographic":false}